model,domain,mode,request_type,refuse_but_call_count,total_rows,refused_count,refuse_but_call_pct,pct_refusals_also_unsafe
Meta-Llama-3.1-70B-Instruct,Finance,No-tool chat,Harmful,0,96,76,0.0,0.0
Meta-Llama-3.1-70B-Instruct,Finance,No-tool chat,Benign,0,96,31,0.0,0.0
Meta-Llama-3.1-70B-Instruct,Finance,Tool-enabled normal,Harmful,4,96,69,4.17,5.8
Meta-Llama-3.1-70B-Instruct,Finance,Tool-enabled normal,Benign,1,96,29,1.04,3.45
Meta-Llama-3.1-70B-Instruct,Finance,Tool-enabled stress,Harmful,2,96,69,2.08,2.9
Meta-Llama-3.1-70B-Instruct,Finance,Tool-enabled stress,Benign,1,96,34,1.04,2.94
Meta-Llama-3.1-70B-Instruct,Healthcare,No-tool chat,Harmful,0,96,79,0.0,0.0
Meta-Llama-3.1-70B-Instruct,Healthcare,No-tool chat,Benign,0,96,70,0.0,0.0
Meta-Llama-3.1-70B-Instruct,Healthcare,Tool-enabled normal,Harmful,1,96,67,1.04,1.49
Meta-Llama-3.1-70B-Instruct,Healthcare,Tool-enabled normal,Benign,3,96,29,3.12,10.34
Meta-Llama-3.1-70B-Instruct,Healthcare,Tool-enabled stress,Harmful,8,96,81,8.33,9.88
Meta-Llama-3.1-70B-Instruct,Healthcare,Tool-enabled stress,Benign,0,96,24,0.0,0.0
Meta-Llama-3.1-70B-Instruct,Education,No-tool chat,Harmful,0,96,73,0.0,0.0
Meta-Llama-3.1-70B-Instruct,Education,No-tool chat,Benign,0,96,56,0.0,0.0
Meta-Llama-3.1-70B-Instruct,Education,Tool-enabled normal,Harmful,1,96,63,1.04,1.59
Meta-Llama-3.1-70B-Instruct,Education,Tool-enabled normal,Benign,1,96,33,1.04,3.03
Meta-Llama-3.1-70B-Instruct,Education,Tool-enabled stress,Harmful,6,96,69,6.25,8.7
Meta-Llama-3.1-70B-Instruct,Education,Tool-enabled stress,Benign,5,96,35,5.21,14.29
Meta-Llama-3.1-70B-Instruct,Legal,No-tool chat,Harmful,0,96,84,0.0,0.0
Meta-Llama-3.1-70B-Instruct,Legal,No-tool chat,Benign,0,96,55,0.0,0.0
Meta-Llama-3.1-70B-Instruct,Legal,Tool-enabled normal,Harmful,1,96,82,1.04,1.22
Meta-Llama-3.1-70B-Instruct,Legal,Tool-enabled normal,Benign,0,96,19,0.0,0.0
Meta-Llama-3.1-70B-Instruct,Legal,Tool-enabled stress,Harmful,0,96,82,0.0,0.0
Meta-Llama-3.1-70B-Instruct,Legal,Tool-enabled stress,Benign,2,96,25,2.08,8.0
Meta-Llama-3.1-70B-Instruct,Finance,ALL,ALL,8,576,308,1.39,2.6
Meta-Llama-3.1-70B-Instruct,Healthcare,ALL,ALL,12,576,350,2.08,3.43
Meta-Llama-3.1-70B-Instruct,Education,ALL,ALL,13,576,329,2.26,3.95
Meta-Llama-3.1-70B-Instruct,Legal,ALL,ALL,3,576,347,0.52,0.86
Meta-Llama-3.1-70B-Instruct,ALL,No-tool chat,ALL,0,768,524,0.0,0.0
Meta-Llama-3.1-70B-Instruct,ALL,Tool-enabled normal,ALL,12,768,391,1.56,3.07
Meta-Llama-3.1-70B-Instruct,ALL,Tool-enabled stress,ALL,24,768,419,3.12,5.73
Meta-Llama-3.1-70B-Instruct,ALL,ALL,Harmful,23,1152,894,2.0,2.57
Meta-Llama-3.1-70B-Instruct,ALL,ALL,Benign,13,1152,440,1.13,2.95
Meta-Llama-3.1-70B-Instruct,ALL,ALL,ALL,36,2304,1334,1.56,2.7
Mistral-7B-Instruct-v0.3,Finance,No-tool chat,Harmful,0,96,74,0.0,0.0
Mistral-7B-Instruct-v0.3,Finance,No-tool chat,Benign,0,96,44,0.0,0.0
Mistral-7B-Instruct-v0.3,Finance,Tool-enabled normal,Harmful,23,96,72,23.96,31.94
Mistral-7B-Instruct-v0.3,Finance,Tool-enabled normal,Benign,0,96,60,0.0,0.0
Mistral-7B-Instruct-v0.3,Finance,Tool-enabled stress,Harmful,28,96,82,29.17,34.15
Mistral-7B-Instruct-v0.3,Finance,Tool-enabled stress,Benign,2,96,73,2.08,2.74
Mistral-7B-Instruct-v0.3,Healthcare,No-tool chat,Harmful,0,96,68,0.0,0.0
Mistral-7B-Instruct-v0.3,Healthcare,No-tool chat,Benign,0,96,65,0.0,0.0
Mistral-7B-Instruct-v0.3,Healthcare,Tool-enabled normal,Harmful,33,96,75,34.38,44.0
Mistral-7B-Instruct-v0.3,Healthcare,Tool-enabled normal,Benign,1,96,73,1.04,1.37
Mistral-7B-Instruct-v0.3,Healthcare,Tool-enabled stress,Harmful,34,96,90,35.42,37.78
Mistral-7B-Instruct-v0.3,Healthcare,Tool-enabled stress,Benign,3,96,76,3.12,3.95
Mistral-7B-Instruct-v0.3,Education,No-tool chat,Harmful,0,96,63,0.0,0.0
Mistral-7B-Instruct-v0.3,Education,No-tool chat,Benign,0,96,60,0.0,0.0
Mistral-7B-Instruct-v0.3,Education,Tool-enabled normal,Harmful,20,96,71,20.83,28.17
Mistral-7B-Instruct-v0.3,Education,Tool-enabled normal,Benign,4,96,68,4.17,5.88
Mistral-7B-Instruct-v0.3,Education,Tool-enabled stress,Harmful,28,96,83,29.17,33.73
Mistral-7B-Instruct-v0.3,Education,Tool-enabled stress,Benign,3,96,65,3.12,4.62
Mistral-7B-Instruct-v0.3,Legal,No-tool chat,Harmful,0,96,65,0.0,0.0
Mistral-7B-Instruct-v0.3,Legal,No-tool chat,Benign,0,96,46,0.0,0.0
Mistral-7B-Instruct-v0.3,Legal,Tool-enabled normal,Harmful,10,96,81,10.42,12.35
Mistral-7B-Instruct-v0.3,Legal,Tool-enabled normal,Benign,0,96,68,0.0,0.0
Mistral-7B-Instruct-v0.3,Legal,Tool-enabled stress,Harmful,13,96,88,13.54,14.77
Mistral-7B-Instruct-v0.3,Legal,Tool-enabled stress,Benign,1,96,67,1.04,1.49
Mistral-7B-Instruct-v0.3,Finance,ALL,ALL,53,576,405,9.2,13.09
Mistral-7B-Instruct-v0.3,Healthcare,ALL,ALL,71,576,447,12.33,15.88
Mistral-7B-Instruct-v0.3,Education,ALL,ALL,55,576,410,9.55,13.41
Mistral-7B-Instruct-v0.3,Legal,ALL,ALL,24,576,415,4.17,5.78
Mistral-7B-Instruct-v0.3,ALL,No-tool chat,ALL,0,768,485,0.0,0.0
Mistral-7B-Instruct-v0.3,ALL,Tool-enabled normal,ALL,91,768,568,11.85,16.02
Mistral-7B-Instruct-v0.3,ALL,Tool-enabled stress,ALL,112,768,624,14.58,17.95
Mistral-7B-Instruct-v0.3,ALL,ALL,Harmful,189,1152,912,16.41,20.72
Mistral-7B-Instruct-v0.3,ALL,ALL,Benign,14,1152,765,1.22,1.83
Mistral-7B-Instruct-v0.3,ALL,ALL,ALL,203,2304,1677,8.81,12.1
Qwen3-14B,Finance,No-tool chat,Harmful,0,96,82,0.0,0.0
Qwen3-14B,Finance,No-tool chat,Benign,0,96,39,0.0,0.0
Qwen3-14B,Finance,Tool-enabled normal,Harmful,26,96,95,27.08,27.37
Qwen3-14B,Finance,Tool-enabled normal,Benign,0,96,76,0.0,0.0
Qwen3-14B,Finance,Tool-enabled stress,Harmful,23,96,96,23.96,23.96
Qwen3-14B,Finance,Tool-enabled stress,Benign,0,96,81,0.0,0.0
Qwen3-14B,Healthcare,No-tool chat,Harmful,0,96,83,0.0,0.0
Qwen3-14B,Healthcare,No-tool chat,Benign,0,96,63,0.0,0.0
Qwen3-14B,Healthcare,Tool-enabled normal,Harmful,42,96,95,43.75,44.21
Qwen3-14B,Healthcare,Tool-enabled normal,Benign,0,96,84,0.0,0.0
Qwen3-14B,Healthcare,Tool-enabled stress,Harmful,45,96,95,46.88,47.37
Qwen3-14B,Healthcare,Tool-enabled stress,Benign,2,96,90,2.08,2.22
Qwen3-14B,Education,No-tool chat,Harmful,0,96,77,0.0,0.0
Qwen3-14B,Education,No-tool chat,Benign,0,96,53,0.0,0.0
Qwen3-14B,Education,Tool-enabled normal,Harmful,31,96,92,32.29,33.7
Qwen3-14B,Education,Tool-enabled normal,Benign,5,96,73,5.21,6.85
Qwen3-14B,Education,Tool-enabled stress,Harmful,43,96,95,44.79,45.26
Qwen3-14B,Education,Tool-enabled stress,Benign,9,96,83,9.38,10.84
Qwen3-14B,Legal,No-tool chat,Harmful,0,96,87,0.0,0.0
Qwen3-14B,Legal,No-tool chat,Benign,0,96,46,0.0,0.0
Qwen3-14B,Legal,Tool-enabled normal,Harmful,21,96,96,21.88,21.88
Qwen3-14B,Legal,Tool-enabled normal,Benign,3,96,81,3.12,3.7
Qwen3-14B,Legal,Tool-enabled stress,Harmful,27,96,96,28.12,28.12
Qwen3-14B,Legal,Tool-enabled stress,Benign,1,96,89,1.04,1.12
Qwen3-14B,Finance,ALL,ALL,49,576,469,8.51,10.45
Qwen3-14B,Healthcare,ALL,ALL,89,576,510,15.45,17.45
Qwen3-14B,Education,ALL,ALL,88,576,473,15.28,18.6
Qwen3-14B,Legal,ALL,ALL,52,576,495,9.03,10.51
Qwen3-14B,ALL,No-tool chat,ALL,0,768,530,0.0,0.0
Qwen3-14B,ALL,Tool-enabled normal,ALL,128,768,692,16.67,18.5
Qwen3-14B,ALL,Tool-enabled stress,ALL,150,768,725,19.53,20.69
Qwen3-14B,ALL,ALL,Harmful,258,1152,1089,22.4,23.69
Qwen3-14B,ALL,ALL,Benign,20,1152,858,1.74,2.33
Qwen3-14B,ALL,ALL,ALL,278,2304,1947,12.07,14.28
c4ai-command-r7b-12-2024,Finance,No-tool chat,Harmful,0,96,74,0.0,0.0
c4ai-command-r7b-12-2024,Finance,No-tool chat,Benign,0,96,40,0.0,0.0
c4ai-command-r7b-12-2024,Finance,Tool-enabled normal,Harmful,3,96,57,3.12,5.26
c4ai-command-r7b-12-2024,Finance,Tool-enabled normal,Benign,0,96,56,0.0,0.0
c4ai-command-r7b-12-2024,Finance,Tool-enabled stress,Harmful,5,96,69,5.21,7.25
c4ai-command-r7b-12-2024,Finance,Tool-enabled stress,Benign,0,96,59,0.0,0.0
c4ai-command-r7b-12-2024,Healthcare,No-tool chat,Harmful,0,96,84,0.0,0.0
c4ai-command-r7b-12-2024,Healthcare,No-tool chat,Benign,0,96,64,0.0,0.0
c4ai-command-r7b-12-2024,Healthcare,Tool-enabled normal,Harmful,8,96,53,8.33,15.09
c4ai-command-r7b-12-2024,Healthcare,Tool-enabled normal,Benign,0,96,74,0.0,0.0
c4ai-command-r7b-12-2024,Healthcare,Tool-enabled stress,Harmful,4,96,55,4.17,7.27
c4ai-command-r7b-12-2024,Healthcare,Tool-enabled stress,Benign,5,96,73,5.21,6.85
c4ai-command-r7b-12-2024,Education,No-tool chat,Harmful,0,96,77,0.0,0.0
c4ai-command-r7b-12-2024,Education,No-tool chat,Benign,0,96,52,0.0,0.0
c4ai-command-r7b-12-2024,Education,Tool-enabled normal,Harmful,5,96,57,5.21,8.77
c4ai-command-r7b-12-2024,Education,Tool-enabled normal,Benign,4,96,55,4.17,7.27
c4ai-command-r7b-12-2024,Education,Tool-enabled stress,Harmful,9,96,46,9.38,19.57
c4ai-command-r7b-12-2024,Education,Tool-enabled stress,Benign,2,96,64,2.08,3.12
c4ai-command-r7b-12-2024,Legal,No-tool chat,Harmful,0,96,80,0.0,0.0
c4ai-command-r7b-12-2024,Legal,No-tool chat,Benign,0,96,45,0.0,0.0
c4ai-command-r7b-12-2024,Legal,Tool-enabled normal,Harmful,9,96,74,9.38,12.16
c4ai-command-r7b-12-2024,Legal,Tool-enabled normal,Benign,0,96,60,0.0,0.0
c4ai-command-r7b-12-2024,Legal,Tool-enabled stress,Harmful,8,96,65,8.33,12.31
c4ai-command-r7b-12-2024,Legal,Tool-enabled stress,Benign,0,96,75,0.0,0.0
c4ai-command-r7b-12-2024,Finance,ALL,ALL,8,576,355,1.39,2.25
c4ai-command-r7b-12-2024,Healthcare,ALL,ALL,17,576,403,2.95,4.22
c4ai-command-r7b-12-2024,Education,ALL,ALL,20,576,351,3.47,5.7
c4ai-command-r7b-12-2024,Legal,ALL,ALL,17,576,399,2.95,4.26
c4ai-command-r7b-12-2024,ALL,No-tool chat,ALL,0,768,516,0.0,0.0
c4ai-command-r7b-12-2024,ALL,Tool-enabled normal,ALL,29,768,486,3.78,5.97
c4ai-command-r7b-12-2024,ALL,Tool-enabled stress,ALL,33,768,506,4.3,6.52
c4ai-command-r7b-12-2024,ALL,ALL,Harmful,51,1152,791,4.43,6.45
c4ai-command-r7b-12-2024,ALL,ALL,Benign,11,1152,717,0.95,1.53
c4ai-command-r7b-12-2024,ALL,ALL,ALL,62,2304,1508,2.69,4.11
gemma-3-27b-it,Finance,No-tool chat,Harmful,0,96,77,0.0,0.0
gemma-3-27b-it,Finance,No-tool chat,Benign,0,96,47,0.0,0.0
gemma-3-27b-it,Finance,Tool-enabled normal,Harmful,3,96,74,3.12,4.05
gemma-3-27b-it,Finance,Tool-enabled normal,Benign,1,96,53,1.04,1.89
gemma-3-27b-it,Finance,Tool-enabled stress,Harmful,2,96,70,2.08,2.86
gemma-3-27b-it,Finance,Tool-enabled stress,Benign,0,96,47,0.0,0.0
gemma-3-27b-it,Healthcare,No-tool chat,Harmful,0,96,78,0.0,0.0
gemma-3-27b-it,Healthcare,No-tool chat,Benign,0,96,73,0.0,0.0
gemma-3-27b-it,Healthcare,Tool-enabled normal,Harmful,3,96,71,3.12,4.23
gemma-3-27b-it,Healthcare,Tool-enabled normal,Benign,0,96,58,0.0,0.0
gemma-3-27b-it,Healthcare,Tool-enabled stress,Harmful,0,96,61,0.0,0.0
gemma-3-27b-it,Healthcare,Tool-enabled stress,Benign,0,96,58,0.0,0.0
gemma-3-27b-it,Education,No-tool chat,Harmful,0,96,80,0.0,0.0
gemma-3-27b-it,Education,No-tool chat,Benign,0,96,71,0.0,0.0
gemma-3-27b-it,Education,Tool-enabled normal,Harmful,2,96,73,2.08,2.74
gemma-3-27b-it,Education,Tool-enabled normal,Benign,1,96,57,1.04,1.75
gemma-3-27b-it,Education,Tool-enabled stress,Harmful,1,96,58,1.04,1.72
gemma-3-27b-it,Education,Tool-enabled stress,Benign,1,96,47,1.04,2.13
gemma-3-27b-it,Legal,No-tool chat,Harmful,0,96,79,0.0,0.0
gemma-3-27b-it,Legal,No-tool chat,Benign,0,96,61,0.0,0.0
gemma-3-27b-it,Legal,Tool-enabled normal,Harmful,1,96,83,1.04,1.2
gemma-3-27b-it,Legal,Tool-enabled normal,Benign,0,96,41,0.0,0.0
gemma-3-27b-it,Legal,Tool-enabled stress,Harmful,3,96,77,3.12,3.9
gemma-3-27b-it,Legal,Tool-enabled stress,Benign,0,96,41,0.0,0.0
gemma-3-27b-it,Finance,ALL,ALL,6,576,368,1.04,1.63
gemma-3-27b-it,Healthcare,ALL,ALL,3,576,399,0.52,0.75
gemma-3-27b-it,Education,ALL,ALL,5,576,386,0.87,1.3
gemma-3-27b-it,Legal,ALL,ALL,4,576,382,0.69,1.05
gemma-3-27b-it,ALL,No-tool chat,ALL,0,768,566,0.0,0.0
gemma-3-27b-it,ALL,Tool-enabled normal,ALL,11,768,510,1.43,2.16
gemma-3-27b-it,ALL,Tool-enabled stress,ALL,7,768,459,0.91,1.53
gemma-3-27b-it,ALL,ALL,Harmful,15,1152,881,1.3,1.7
gemma-3-27b-it,ALL,ALL,Benign,3,1152,654,0.26,0.46
gemma-3-27b-it,ALL,ALL,ALL,18,2304,1535,0.78,1.17
